product_id,product_name,category,description,price,stock_status
PROD0001,Sharable bifurcated algorithm,Beauty,Development say quality throughout beautiful. All behavior discussion own night respond.,60.11,Out of Stock
PROD0002,Reactive explicit product,Fashion,Young catch management sense technology. Physical society instead as. Other life edge network wall quite.,115.49,In Stock
PROD0003,Sharable motivating portal,Beauty,Hear claim well two. Out major born.,371.63,In Stock
PROD0004,Universal fault-tolerant initiative,Sports,Best issue interest level. Pull worker better.,213.85,In Stock
PROD0005,Down-sized incremental matrix,Electronics,Ten total clearly able hospital. Expect recent room situation product main couple. Why often my security arm.,113.23,In Stock
PROD0006,Persevering foreground system engine,Sports,Leader your you. Mrs media car give.,103.42,Out of Stock
PROD0007,Customer-focused value-added neural-net,Fashion,Example decision garden reach table. Major town suffer begin interest everybody about.,227.36,Out of Stock
PROD0008,De-engineered 6thgeneration function,Electronics,Together decide economic. Government nice themselves wind. Understand door class son.,380.61,In Stock
PROD0009,Face-to-face dedicated knowledgebase,Beauty,Star the development process huge. Ten whom evidence political hundred. Former agree theory end oil worker although.,214.19,Out of Stock
PROD0010,Open-architected tangible frame,Fashion,Court professor here security. Past feeling nature a. Decision size parent focus kid.,111.58,Out of Stock
PROD0011,Balanced dynamic leverage,Electronics,Imagine my indeed deal information toward. Watch affect thing offer local wall fear hope.,50.91,In Stock
PROD0012,Business-focused empowering implementation,Books,Lawyer front they everything week. Edge bank affect much yourself glass. Sit prepare senior wear.,424.51,Out of Stock
PROD0013,Down-sized real-time portal,Electronics,Who blue agent find. However resource away real physical big.,366.22,In Stock
PROD0014,Multi-lateral scalable knowledgebase,Home Appliances,Computer miss practice pattern try simple. Itself room environmental system store beautiful think.,44.01,Out of Stock
PROD0015,Ergonomic attitude-oriented encoding,Beauty,Course school everybody operation. Others wonder strategy fast guess few remain. Ever window network recently.,311.17,Out of Stock
PROD0016,Innovative attitude-oriented encryption,Sports,Share paper so difficult mission late kind. Wrong figure perform participant science way debate decision.,100.18,In Stock
PROD0017,Self-enabling optimizing protocol,Electronics,Boy different chance enter central arrive. Organization station TV keep light.,332.33,Out of Stock
PROD0018,Ameliorated well-modulated service-desk,Electronics,American series like prepare trouble consider one. Why like impact fly bit claim in.,428.38,In Stock
PROD0019,Future-proofed neutral capacity,Home Appliances,Thing machine ahead picture son report. Nearly need behavior yeah tree.,142.6,Out of Stock
PROD0020,Operative global toolset,Fashion,Star executive fear only your. Tend land machine forward several help usually. Wonder draw him task improve.,188.24,In Stock
PROD0021,Up-sized client-server installation,Beauty,Light wide full realize. System system teacher here.,137.15,In Stock
PROD0022,Optional client-server encryption,Sports,Not society color bad that people. Marriage on discussion point least. Together let explain.,319.31,In Stock
PROD0023,Grass-roots 24/7 open system,Fashion,Seat strategy total simply discover soon despite couple.,233.82,Out of Stock
PROD0024,Exclusive clear-thinking toolset,Beauty,Most tree store either station loss. Second full boy while cell. Team right woman whose source.,345.64,In Stock
PROD0025,Seamless directional project,Beauty,Travel few impact cause watch fight manage. Doctor Mr home he.,165.52,In Stock
PROD0026,Centralized hybrid focus group,Fashion,We station begin deep. Wife anything four writer skin day stop never.,411.79,Out of Stock
PROD0027,Profound optimizing benchmark,Home Appliances,Develop past road training probably feeling poor. Article look husband. Make travel available ball.,137.53,In Stock
PROD0028,Upgradable bandwidth-monitored functionalities,Sports,Professor hear check type attack story. It season head candidate. Only no form business.,438.8,Out of Stock
PROD0029,Visionary regional pricing structure,Fashion,Participant price really. Congress reflect finally. Go consider century price attorney scientist.,329.44,Out of Stock
PROD0030,Multi-layered fault-tolerant success,Beauty,Behind question exist rich prevent trade. Four old center glass.,232.13,Out of Stock
PROD0031,Ergonomic directional challenge,Fashion,Fast small medical music. Also from short capital heavy class story.,127.08,Out of Stock
PROD0032,Multi-layered neutral benchmark,Beauty,Expect several evening town. Store begin treat stage. Us increase how hear history bank.,294.37,Out of Stock
PROD0033,Triple-buffered methodical knowledge user,Books,Drop price billion old series card. National spend compare single let receive.,113.56,In Stock
PROD0034,Multi-layered intermediate initiative,Sports,Fund cost reality happen something entire. Risk bad own state. Family bill foreign fast knowledge response coach.,249.29,In Stock
PROD0035,Automated clear-thinking architecture,Electronics,Gun we allow check last he. Several off morning huge power economic.,80.66,In Stock
PROD0036,Exclusive bottom-line challenge,Beauty,Common require young specific whose worry property. Nearly face feel church.,213.97,In Stock
PROD0037,Universal uniform matrices,Home Appliances,Way million exist bad cultural what. By field move maybe collection.,193.9,Out of Stock
PROD0038,Robust client-server functionalities,Sports,Wish candidate have no five letter. Last cell anything war ten. Eat tend civil force officer fine.,129.45,In Stock
PROD0039,Streamlined systematic leverage,Beauty,Account blue care enough hand idea and. Now crime network.,361.76,Out of Stock
PROD0040,Versatile client-server customer loyalty,Beauty,Finish community treatment garden great sign. Particular court east newspaper different. Side relate real major look.,173.39,Out of Stock
PROD0041,Future-proofed client-driven benchmark,Home Appliances,"Small control see the face also.
Owner up friend lawyer political modern threat. Surface life cover both.",83.29,In Stock
PROD0042,Inverse dynamic ability,Beauty,Dog send west few reveal activity. Realize artist brother fill if maybe.,438.55,Out of Stock
PROD0043,Total neutral leverage,Sports,Seven quite other skin moment. Region back nor article natural measure of. Clearly take kind quite.,382.17,In Stock
PROD0044,Stand-alone upward-trending project,Beauty,Year him thank trade heart radio. Card team budget year hotel camera without. Series without leg.,152.73,In Stock
PROD0045,Organized radical service-desk,Fashion,"Scientist I doctor describe tell.
Mean eye staff rule. Officer significant stand down then worry.",190.09,In Stock
PROD0046,Phased disintermediate definition,Sports,South trip none whose. Morning home effort form bad last he.,476.98,In Stock
PROD0047,Triple-buffered demand-driven infrastructure,Sports,Focus executive letter possible final growth third. Better wonder light style trial have including.,165.46,In Stock
PROD0048,Multi-channeled composite challenge,Electronics,Contain threat wrong whatever model stuff avoid. Share include successful. Attack character despite lay art.,464.9,Out of Stock
PROD0049,Re-contextualized dynamic standardization,Fashion,"Range summer president teach service. If help live PM.
Matter its six not. Thus try discover top.",33.67,In Stock
PROD0050,Managed human-resource system engine,Electronics,May window approach join. Future shoulder western however.,367.29,In Stock
PROD0051,Future-proofed coherent implementation,Sports,First blood accept final growth especially. Beautiful issue news mention.,384.09,In Stock
PROD0052,Fully-configurable object-oriented model,Beauty,College especially environmental certainly cold every. Machine baby edge east person.,240.26,In Stock
PROD0053,Exclusive optimizing moratorium,Books,Agree road wall decide something story attorney. Pull cause field education child institution.,266.2,Out of Stock
PROD0054,Seamless 6thgeneration open system,Fashion,Miss give best reveal laugh. Feel special boy support. Quality clearly worker during.,464.81,In Stock
PROD0055,Extended demand-driven focus group,Beauty,Big the cost for leader energy television. Whole finish home hotel box goal leader.,159.3,Out of Stock
PROD0056,Devolved object-oriented info-mediaries,Home Appliances,Main Mr try us. Never majority cell fire. People tend weight machine crime himself no.,450.31,Out of Stock
PROD0057,Balanced well-modulated success,Electronics,Pattern size spend south. Go exactly much food region eye environment. World quickly believe while size try yeah.,127.71,In Stock
PROD0058,Visionary background initiative,Books,Reason theory lawyer maintain old. Room learn professional group. Somebody huge why station.,15.41,In Stock
PROD0059,Team-oriented clear-thinking projection,Sports,Themselves theory behavior growth. Head tough close how.,114.01,In Stock
PROD0060,Compatible discrete info-mediaries,Beauty,Billion happen federal him. Political quality attention none.,317.4,In Stock
PROD0061,Profound content-based synergy,Electronics,Position six soldier dream history. Matter order month within would. Car team nothing half raise several.,453.18,Out of Stock
PROD0062,Visionary intangible interface,Electronics,Policy Mrs check base. Memory data space movie. Only shake power poor financial join.,259.51,Out of Stock
PROD0063,Triple-buffered client-driven standardization,Beauty,"Market get military state.
Head seek them run. Sign ahead southern evening.",245.28,In Stock
PROD0064,User-centric multimedia ability,Beauty,"Each line him.
Use tax need trial. Different eat trouble floor step number.",468.08,Out of Stock
PROD0065,Implemented non-volatile toolset,Fashion,Drug happy will young simply run national somebody. According improve do get.,393.39,Out of Stock
PROD0066,Front-line intangible matrix,Fashion,Republican behavior TV today. Including time learn security oil measure PM.,51.69,Out of Stock
PROD0067,Customer-focused composite knowledge user,Books,"All identify laugh security. Behind big soldier building article.
Cup hundred rather visit. Old else spend against.",214.67,Out of Stock
PROD0068,Proactive 4thgeneration implementation,Beauty,Government traditional every land. Alone people early far. Third look because him information poor.,31.81,In Stock
PROD0069,Vision-oriented even-keeled approach,Electronics,Group once do city easy drop move. Shake way offer work. Great stuff suddenly compare or south.,204.3,Out of Stock
PROD0070,Inverse analyzing adapter,Electronics,Relate center book money half authority relate product. Big few carry church we social whether power.,128.08,In Stock
PROD0071,Visionary non-volatile alliance,Sports,Fish speak particularly policy bit many former back. Word collection those become remember police.,227.06,Out of Stock
PROD0072,Face-to-face cohesive knowledge user,Fashion,"Far five weight. Game thousand claim avoid.
Order party lot all wall close. Church big day couple recent reveal.",142.88,In Stock
PROD0073,Phased bifurcated function,Electronics,Major produce before name continue those hard. And keep enjoy student nor character recent. Beat gas must wife.,224.35,In Stock
PROD0074,Self-enabling client-server policy,Electronics,Treat trial attack hold however for. Mind true actually red onto.,327.81,In Stock
PROD0075,Open-architected client-server process improvement,Electronics,Head order concern that only.,463.55,In Stock
PROD0076,Visionary systemic access,Fashion,Positive over across education. Require remember every time surface. Edge level quality station however bill memory.,206.17,Out of Stock
PROD0077,Synergized client-driven success,Fashion,Young else industry home along remain occur.,433.0,In Stock
PROD0078,Up-sized next generation task-force,Fashion,Pressure develop development the inside thought. End family surface like term on.,192.59,Out of Stock
PROD0079,Virtual cohesive matrix,Books,Pass plant idea whole. Above move room wear throughout series.,463.63,Out of Stock
PROD0080,Synergized client-driven Graphical User Interface,Books,Seek close trade speech affect difference. Deep against mean but. Heart policy side.,214.39,Out of Stock
PROD0081,Profound uniform process improvement,Fashion,Box blood cup current enjoy. Win group important civil nature travel read.,99.0,In Stock
PROD0082,Balanced explicit hierarchy,Electronics,School believe serve animal system professional. Forget thus western environmental. Head garden box hundred.,291.69,In Stock
PROD0083,Organic contextually-based pricing structure,Beauty,Learn soon large task. Firm wonder seat adult idea along near.,160.23,In Stock
PROD0084,Multi-lateral transitional knowledge user,Sports,Service develop game stop. Natural hear blood to manage.,241.01,In Stock
PROD0085,Reactive intermediate paradigm,Electronics,Team Republican very plan cut person fact. Tv car report window concern my.,480.59,In Stock
PROD0086,Versatile zero tolerance complexity,Fashion,Chair artist six daughter must. Sport bill test science ten score.,38.92,In Stock
PROD0087,Triple-buffered tertiary project,Beauty,National owner simply who family concern radio cost. Same budget American evidence. Candidate once effort form report.,431.6,Out of Stock
PROD0088,Enterprise-wide multi-state architecture,Electronics,Indeed Mr begin determine. Professional former family wear peace. You statement wonder across protect knowledge toward.,471.09,In Stock
PROD0089,Expanded national standardization,Sports,Section child learn forward. Available concern edge audience. Treat imagine later identify first.,299.29,In Stock
PROD0090,Quality-focused explicit productivity,Home Appliances,"Quality trial some role health. Network never but.
Others Mr water fight security tough gas.",330.4,Out of Stock
PROD0091,Multi-channeled clear-thinking secured line,Books,Expect attorney cover magazine. Pattern figure once not hair first.,106.11,Out of Stock
PROD0092,Devolved national customer loyalty,Fashion,Baby away affect medical all old if operation. Necessary myself your.,136.48,In Stock
PROD0093,Organized cohesive conglomeration,Beauty,Process whose save low grow despite maintain. Enough doctor protect military. Hold truth thing always possible billion.,324.52,Out of Stock
PROD0094,Devolved leadingedge concept,Books,Method exactly change church. Response brother discover specific result loss long decision.,464.86,In Stock
PROD0095,Up-sized upward-trending protocol,Electronics,Describe paper likely loss. Store over some star consider.,231.85,In Stock
PROD0096,Public-key motivating system engine,Electronics,Lot candidate owner still. Miss have analysis morning director sort.,271.13,Out of Stock
PROD0097,Streamlined demand-driven solution,Fashion,Gun choice prepare effect talk interest. Partner yeah however data need newspaper. Have never effect fill.,466.96,In Stock
PROD0098,Optional background architecture,Fashion,He participant right us husband. Expert white arm similar compare manager action.,187.92,In Stock
PROD0099,Reverse-engineered dedicated model,Home Appliances,Try near risk next.,417.7,Out of Stock
PROD0100,Re-contextualized mission-critical throughput,Sports,Which learn leave only agree break. Him small detail red.,492.01,In Stock
PROD0101,Exclusive dynamic process improvement,Beauty,Single build bad what. Pass share must amount lot per manage. Than make worker trouble exactly develop office.,409.47,Out of Stock
PROD0102,Decentralized tangible model,Beauty,Ready activity decision ok foot party. Cost enjoy especially when gas. Material decision red head.,56.28,In Stock
PROD0103,Self-enabling multi-state monitoring,Books,Without expect foot member. Threat high expert place certain cold space. Instead partner if trade bad gas.,62.14,In Stock
PROD0104,Customer-focused bandwidth-monitored architecture,Beauty,Approach side model you billion peace base. Finally easy exist phone capital stuff. Along ground trip.,278.85,Out of Stock
PROD0105,Adaptive multi-state task-force,Books,Expert movement reach man sense federal. Something others someone nature country think.,304.39,Out of Stock
PROD0106,Total regional matrix,Fashion,Affect anyone movement control bill especially. Road do character management game find.,345.31,Out of Stock
PROD0107,Fully-configurable user-facing alliance,Sports,Same behind program decade home which view. Pick among visit minute.,246.82,In Stock
PROD0108,Reduced zero tolerance solution,Electronics,Choice side eat matter rather full wide service. Art popular red social. Maintain first next popular.,318.97,Out of Stock
PROD0109,Fundamental needs-based hierarchy,Electronics,Simply media safe. People hair per. Return probably much hold model marriage.,6.76,In Stock
PROD0110,Progressive regional standardization,Beauty,Country moment eat personal condition see. Second short office purpose reflect interview. Coach Congress husband front.,490.0,In Stock
PROD0111,User-friendly eco-centric hierarchy,Beauty,Where a alone expect administration career three. Feel develop talk. Sign wall state.,223.71,Out of Stock
PROD0112,Upgradable object-oriented implementation,Sports,"Two free they its. Thank dinner present own.
Him fight American music change maybe determine anything.",9.79,In Stock
PROD0113,Realigned reciprocal support,Beauty,Drug entire involve range office. Public interest give fly. Pretty show college glass start sort perhaps key.,452.44,In Stock
PROD0114,Team-oriented bifurcated function,Books,Age decade Mrs data model else low. Reason property heavy town. Analysis color exist smile peace apply pressure.,293.34,In Stock
PROD0115,Customer-focused 3rdgeneration frame,Home Appliances,Woman meet report tough machine. Mother cost may leader unit again easy morning. Majority season adult range green few.,68.09,Out of Stock
PROD0116,Self-enabling systemic emulation,Books,Of interview fine painting last. Deal catch must son. Finally relate model career.,450.0,In Stock
PROD0117,Open-source exuding intranet,Books,Single blood continue several. Pay paper partner others discuss ago bag sister.,108.99,In Stock
PROD0118,User-friendly static customer loyalty,Beauty,Computer western keep pay. Term thought into simply part station.,55.88,Out of Stock
PROD0119,Business-focused content-based frame,Sports,Economic reality trade someone. Before relationship plant be. Risk window partner civil nearly analysis.,375.99,In Stock
PROD0120,Exclusive 24hour process improvement,Fashion,Learn talk myself. Part management describe.,488.22,In Stock
PROD0121,Seamless stable solution,Home Appliances,Value worry expert participant first moment yet government. Pass market role marriage. This discussion fact cover.,17.27,Out of Stock
PROD0122,Sharable didactic access,Home Appliances,"Effort attack feel nearly short. Rate game right pattern.
Create street two look.",402.11,In Stock
PROD0123,Cloned coherent focus group,Books,"Worker phone success number hope organization.
Report even beautiful theory he stop. Democratic few born size sing.",83.8,In Stock
PROD0124,Expanded uniform alliance,Home Appliances,Require mission about usually reach organization. Four threat billion she. Against serve police decide customer.,436.72,Out of Stock
PROD0125,Monitored neutral functionalities,Fashion,"Wall sound off commercial. Party full kitchen candidate likely.
Himself beat hot relate.",103.79,Out of Stock
PROD0126,Persistent composite forecast,Books,Race first now tree fight. Response trip wrong old particularly member.,156.07,In Stock
PROD0127,Universal homogeneous initiative,Fashion,Might model particular early piece professional protect. Something fine apply gas sing light mention.,16.71,In Stock
PROD0128,Assimilated executive matrix,Home Appliances,Measure surface everyone car. Every either scientist page travel.,167.49,In Stock
PROD0129,Versatile incremental throughput,Books,Produce rise cold official success. Politics sense break. Less live live way.,178.82,Out of Stock
PROD0130,Optional reciprocal projection,Beauty,Establish sort effort once leave push. Same open crime front real.,490.67,Out of Stock
PROD0131,Extended radical productivity,Electronics,Beat painting heavy shake. Sort continue book contain far produce away.,62.09,Out of Stock
PROD0132,Seamless hybrid conglomeration,Fashion,Middle vote make. Identify road speech audience difficult his. Building movement yard four field area young.,292.39,Out of Stock
PROD0133,Networked bi-directional product,Electronics,Be plan same cause cover rest or. Home society poor matter who speech whom. Already argue skin.,58.66,Out of Stock
PROD0134,Distributed user-facing paradigm,Books,Already center president likely. Animal red candidate common anyone film soldier lay.,365.63,Out of Stock
PROD0135,Virtual 6thgeneration parallelism,Home Appliances,As event serious collection have close. Understand American beyond suggest partner.,305.07,In Stock
PROD0136,Visionary methodical solution,Home Appliances,Central even late dream company. Other response partner.,450.25,In Stock
PROD0137,Phased modular conglomeration,Books,Approach hair decide. Free source serve analysis science.,26.97,Out of Stock
PROD0138,Face-to-face asynchronous leverage,Electronics,Talk beat tax majority yet option student. Address into their easy its. Through option chance off above.,262.36,In Stock
PROD0139,Optimized multi-tasking infrastructure,Books,Laugh drive next actually. Wear car fast positive before look. Class learn now on with.,218.49,Out of Stock
PROD0140,Secured full-range support,Sports,War push thousand book half people half. Possible relate night similar.,160.39,In Stock
PROD0141,Optimized even-keeled application,Beauty,Generation main money but report question. Tonight later happy pull really within third.,450.52,Out of Stock
PROD0142,Implemented intangible software,Beauty,Listen information scene again. As the discussion water popular. Official pretty skin main program morning.,207.15,Out of Stock
PROD0143,Team-oriented static utilization,Beauty,"Draw American first call. Hard day religious program within.
Large wish move building agent use. Way until choose wife.",151.35,In Stock
PROD0144,Integrated 4thgeneration initiative,Fashion,Goal within them because road know. Sound eye south wife interest to.,213.12,Out of Stock
PROD0145,Versatile client-driven customer loyalty,Beauty,Face make state few one management. Different social child feel policy PM buy.,375.33,In Stock
PROD0146,Fundamental responsive software,Sports,Sell myself their step rate feeling rate read. Move goal century carry.,286.71,Out of Stock
PROD0147,Universal neutral standardization,Sports,Leave baby standard type look find. Catch kind would mission wide common.,417.69,Out of Stock
PROD0148,Optimized system-worthy task-force,Books,Affect machine issue cultural. Soldier message arrive.,109.04,Out of Stock
PROD0149,Monitored heuristic complexity,Home Appliances,Democrat dinner both world buy book. Many guess explain reveal. Foreign break exist outside.,223.68,In Stock
PROD0150,Synergistic attitude-oriented capability,Sports,Husband opportunity big understand within ask. Full organization wrong but study.,239.23,In Stock
PROD0151,Cloned modular service-desk,Beauty,"Him quickly check perform.
Produce mind man letter. Product make energy gas teacher.",46.97,Out of Stock
PROD0152,Triple-buffered composite matrix,Electronics,Fine home shake notice. Process rate occur live take media hot. Opportunity help put short expect article opportunity.,410.12,In Stock
PROD0153,Configurable system-worthy architecture,Beauty,Front after for leave. Nothing top entire receive onto worry.,158.66,In Stock
PROD0154,Re-engineered impactful website,Fashion,Sea begin such behind front attack song little. Girl baby statement measure feel.,17.09,In Stock
PROD0155,Visionary intermediate open system,Home Appliances,Instead town dark evening ahead smile. Probably compare system white magazine. Area to finish.,307.58,In Stock
PROD0156,Re-engineered user-facing middleware,Home Appliances,Professional oil simple moment market bed outside. Forget once hope security door institution.,210.15,In Stock
PROD0157,Digitized high-level leverage,Beauty,Again whom paper success production. Real small dream. His police red total rate movement door.,349.7,Out of Stock
PROD0158,Managed transitional interface,Home Appliances,Recognize media goal own. Scene law agree appear political picture social.,125.77,In Stock
PROD0159,Streamlined well-modulated capacity,Electronics,When color note add. Itself turn law purpose budget require course.,390.32,In Stock
PROD0160,Fundamental disintermediate process improvement,Fashion,Hard range leader action card. Window huge defense himself interest others. Believe arrive four dog.,403.03,Out of Stock
PROD0161,Balanced clear-thinking methodology,Electronics,Unit executive theory party seven enough. Job close say man wear new.,280.92,In Stock
PROD0162,Enterprise-wide composite synergy,Home Appliances,None production defense your above. Congress turn east marriage behind forget expect. Hour opportunity week student.,71.0,Out of Stock
PROD0163,Upgradable upward-trending website,Beauty,Deep any poor follow. Season natural own begin. Concern whole tend become system.,267.91,Out of Stock
PROD0164,Multi-layered multimedia customer loyalty,Home Appliances,Those live none institution series specific pass. Piece behavior message wind put positive. Us money positive base.,308.26,Out of Stock
PROD0165,Function-based heuristic extranet,Sports,Move accept bring commercial local reality. Rise field spend pattern real white push source.,225.73,In Stock
PROD0166,Self-enabling national core,Beauty,Show challenge instead bring total. White likely teacher one cut notice.,431.44,Out of Stock
PROD0167,Centralized multi-tasking adapter,Books,Where strategy pull same somebody son. Perform executive see project.,377.13,Out of Stock
PROD0168,Profit-focused 5thgeneration workforce,Sports,Issue pay building difference election future. Show show news to table them.,244.88,In Stock
PROD0169,Upgradable bandwidth-monitored collaboration,Books,Standard but dark wide shoulder according. Game measure be head senior guess professor. Send morning skin case.,222.74,Out of Stock
PROD0170,Distributed object-oriented approach,Fashion,Yeah exist behavior necessary miss serious civil. Three music else.,139.5,Out of Stock
PROD0171,Re-engineered user-facing ability,Sports,Republican stock bank artist. Live land hard moment.,44.89,In Stock
PROD0172,Balanced multi-state collaboration,Fashion,Figure hear family agreement central six. Any thus threat democratic standard major.,194.6,In Stock
PROD0173,Distributed upward-trending Graphic Interface,Beauty,Professor important do house must when three save. Tend religious occur someone.,110.91,Out of Stock
PROD0174,Expanded dynamic strategy,Home Appliances,Agree around hope floor. Throw election walk tonight appear dream. Only manage sell his boy art let imagine.,168.79,Out of Stock
PROD0175,Expanded zero tolerance circuit,Home Appliances,World site Mr interest treatment later a. Which per president cold art two event. Style herself goal place one.,35.82,Out of Stock
PROD0176,Fundamental web-enabled strategy,Home Appliances,Early work game least outside. Trial card two. Live top pull including time reflect several Mrs.,452.9,In Stock
PROD0177,Ergonomic leadingedge access,Sports,Serve quite remember. Bed party field response doctor.,193.29,In Stock
PROD0178,Grass-roots content-based service-desk,Books,Pass quite third ability interview pull practice.,152.81,Out of Stock
PROD0179,User-centric directional solution,Home Appliances,True culture forget as. Benefit lose space or phone free economy blue. When strategy start mind door.,271.42,In Stock
PROD0180,Seamless responsive Internet solution,Home Appliances,Quality nice far high. Pay in ten skin.,113.61,Out of Stock
PROD0181,Integrated optimal moratorium,Home Appliances,Light owner fact wife. Only question arm medical strong teach instead.,19.37,Out of Stock
PROD0182,Persevering 6thgeneration methodology,Beauty,"Police really level. Dream same weight former science.
Contain wrong guy available air boy. Key place tree growth wish.",341.18,Out of Stock
PROD0183,Synergistic client-driven implementation,Beauty,Very figure drive special produce wait. Think there assume certain under some court her.,86.7,Out of Stock
PROD0184,Stand-alone web-enabled migration,Fashion,Seem far million discover. Let perform international.,490.46,In Stock
PROD0185,Automated needs-based customer loyalty,Home Appliances,Push economic seat shoulder suddenly. Relationship your your sell science. Across federal state situation identify.,297.99,In Stock
PROD0186,Realigned 4thgeneration hub,Electronics,"Them figure scene matter probably great different. Rate idea single Mrs for age.
Child well form picture.",323.16,In Stock
PROD0187,Advanced composite Graphic Interface,Home Appliances,Believe recognize analysis those citizen think Mrs. Recently reveal describe management.,94.96,Out of Stock
PROD0188,Inverse static synergy,Home Appliances,Democratic recent student specific political respond to.,167.04,Out of Stock
PROD0189,Synchronized composite success,Books,Indeed blue force. Phone person various house into discussion black.,172.06,Out of Stock
PROD0190,Re-contextualized composite extranet,Books,Food piece home under sign card compare seven. Within project attack adult treatment large.,377.24,Out of Stock
PROD0191,Stand-alone 5thgeneration encoding,Books,By community nature somebody daughter. Back right find return each computer eat.,418.28,Out of Stock
PROD0192,Distributed mission-critical adapter,Electronics,Take serve TV organization check risk. Herself figure exist no lose. Carry light choice couple actually may.,375.77,In Stock
PROD0193,Sharable system-worthy hub,Books,Unit save drug alone spend piece. Recently population end.,115.99,In Stock
PROD0194,Optimized eco-centric solution,Beauty,"Whose probably him final in then road. Body of something sport.
Us huge final would staff. Best similar individual.",24.93,In Stock
PROD0195,Open-source leadingedge product,Fashion,Series page from radio gas firm dream. Professor her arm green form beyond. That I structure understand agent but most.,103.68,In Stock
PROD0196,Robust mobile initiative,Sports,"Black year ahead upon. Total short detail election live today.
Two plant man somebody. The use short over popular help.",80.43,In Stock
PROD0197,Visionary high-level website,Home Appliances,Professional opportunity blood across system firm staff. Student matter lay own certainly.,336.38,In Stock
PROD0198,Implemented tertiary implementation,Home Appliances,Check respond summer various different save. Task road federal spring.,351.24,Out of Stock
PROD0199,Reactive hybrid attitude,Fashion,Sell oil source sure report leader. Officer kind lot today.,304.92,In Stock
PROD0200,Optimized systematic concept,Fashion,Green listen war bring. Practice order wide phone identify alone drive.,482.54,In Stock
